# LRA dealer indicators v1.0 - lra/dealer_irt.py; lsDealerProfile + lsDealerRead read this file
VERSION|1.0
ASOF|31500|2026-09-29
MARKET|GC
PRICE|4192.50|55.46
BOOK|-134.3|FUEL|short
NODE|4125.00|-15.9|-15.9|-13.6|-12.6|-193|1
NODE|4130.00|-4.7|-4.7|-2.9|-2.9|-53|0
NODE|4135.00|-2.5|-2.5|-1.0|-1.2|-26|0
NODE|4140.00|-12.3|-12.3|-2.1|-3.7|-117|0
NODE|4145.00|-7.8|-7.8|-2.3|-3.2|-67|0
NODE|4150.00|-55.9|-55.9|-38.9|-40.7|-431|0
NODE|4155.00|-10.0|-10.0|-0.1|-1.7|-53|0
NODE|4160.00|-8.2|-8.2|-7.8|-5.2|-38|0
NODE|4165.00|-4.5|-5.2|-4.3|-3.4|-19|0
NODE|4170.00|1.6|1.3|3.1|-0.5|2|0
NODE|4175.00|-17.3|-17.7|-17.2|-16.7|-54|0
NODE|4180.00|2.8|2.5|3.7|1.1|4|0
NODE|4185.00|1.6|1.5|1.7|1.3|2|0
NODE|4190.00|-1.1|-1.2|-1.1|-1.2|-1|0
NODE|4195.00|1.7|1.6|1.7|1.6|-1|0
NODE|4200.00|6.1|5.3|7.9|2.6|-5|0
NODE|4205.00|0.1|0.0|0.3|-0.2|0|0
NODE|4210.00|3.2|3.0|3.5|2.4|-9|0
NODE|4215.00|31.9|28.4|45.7|11.5|-81|0
NODE|4220.00|-1.3|-2.4|-1.0|0.3|2|0
NODE|4225.00|-6.5|-6.6|-6.5|-6.5|38|0
NODE|4230.00|4.1|-2.0|4.1|-1.0|-18|0
NODE|4235.00|3.0|-2.0|3.0|-1.1|-24|0
NODE|4240.00|-2.7|-2.7|-0.7|-1.1|23|0
NODE|4245.00|4.1|2.2|4.1|2.3|-38|0
NODE|4250.00|-16.5|-34.7|-16.3|-27.2|140|0
NODE|4255.00|2.2|0.3|2.2|0.6|-25|0
NODE|4260.00|-2.1|-2.1|-1.6|-1.5|24|1
LEVEL|PDH/1DH/CR0|4203.80|0|08:45 - 4,192.50 - 0.20 EM below - SHORT setup|R
WALLHDR|CR0 4,200 - 0DTE CALL RESISTANCE|3/3 STIFFENING|G
WALLROW|SPEED|21.0|+21%|ok|price walking into the gamma peak 4,210
WALLROW|COLOR|4.6|+5%|ok|0DTE stronger +5% per 15 min (strength growing with time)
WALLROW|ZOMMA|8.7|+9%|ok|IV falling 24.7 -> 21.3, gamma tightens
FUELHDR|FUEL|STORED 259 fut|A
FUELROW|COVER|NA|waiting|wait|after the sweep dealers sell 259 back
FUELROW|GAMMA|NA|short 259|wait|259 fut of buying pushes the sweep
FUELROW|VANNA|NA|waiting|wait|IV falling after the turn adds selling
TRADE|STOP|4,212.12 zone edge|W
TRADE|SWEEP ROOM|8.32 pts|W
TRADE|TARGET|4,171.63 (-32.17)|W
TRADE|R:R|3.9|W
TRADE|RECORD|learning n=0|Y
FLAG|NEWS 09:00 in 15m|Y
FLAG|DATA 0m|G
DO|Expect the sweep: fuel pushes through 4,203.80 into a stiffening wall. Short only after the reclaim. Stop beyond 4,212.12
BOOKLINE|WHOLE BOOK short gamma -104 / 0.1 EM = FUEL - dealers BUY 259 fut on the way
LEARN|1
