Symbol,Date,VOL,Open,High,Low,Close,Volume
CL=F,2026-08-28 08:27:00,,82.41999816894531,82.4800033569336,82.41999816894531,82.4800033569336,138
CL=F,2026-08-28 08:28:00,,82.48999786376953,82.5,82.41999816894531,82.44000244140625,83
CL=F,2026-08-28 08:29:00,,82.44000244140625,82.47000122070312,82.38999938964844,82.4000015258789,114
CL=F,2026-08-28 08:30:00,,82.4000015258789,82.62000274658203,82.37999725341797,82.5999984741211,624
CL=F,2026-08-28 08:31:00,,82.5999984741211,82.6500015258789,82.52999877929688,82.55999755859375,321
CL=F,2026-08-28 08:32:00,,82.55999755859375,82.58000183105469,82.5,82.56999969482422,129
CL=F,2026-08-28 08:33:00,,82.55000305175781,82.69000244140625,82.55000305175781,82.68000030517578,269
CL=F,2026-08-28 08:34:00,,82.66999816894531,82.69999694824219,82.55000305175781,82.56999969482422,254
CL=F,2026-08-28 08:35:00,,82.58000183105469,82.61000061035156,82.52999877929688,82.58999633789062,228
CL=F,2026-08-28 08:36:00,,82.5999984741211,82.72000122070312,82.5999984741211,82.72000122070312,137
CL=F,2026-08-28 08:37:00,,82.70999908447266,82.70999908447266,82.62000274658203,82.66999816894531,172
CL=F,2026-08-28 08:38:00,,82.66999816894531,82.69999694824219,82.62999725341797,82.6500015258789,100
CL=F,2026-08-28 08:39:00,,82.62999725341797,82.66000366210938,82.61000061035156,82.62999725341797,278
CL=F,2026-08-28 08:40:00,,82.62000274658203,82.73999786376953,82.61000061035156,82.70999908447266,219
CL=F,2026-08-28 08:41:00,,82.69999694824219,82.7699966430664,82.66999816894531,82.69000244140625,202
CL=F,2026-08-28 08:42:00,,82.69000244140625,82.69999694824219,82.62000274658203,82.6500015258789,132
CL=F,2026-08-28 08:43:00,,82.6500015258789,82.69999694824219,82.56999969482422,82.69999694824219,123
CL=F,2026-08-28 08:44:00,,82.69999694824219,82.75,82.68000030517578,82.69999694824219,226
CL=F,2026-08-28 08:45:00,,82.69000244140625,82.80999755859375,82.68000030517578,82.73999786376953,340
CL=F,2026-08-28 08:46:00,,82.73999786376953,82.75,82.62999725341797,82.63999938964844,326
CL=F,2026-08-28 08:47:00,,82.6500015258789,82.6500015258789,82.5999984741211,82.62999725341797,147
CL=F,2026-08-28 08:48:00,,82.63999938964844,82.69999694824219,82.58999633789062,82.69999694824219,187
CL=F,2026-08-28 08:49:00,,82.69000244140625,82.69000244140625,82.62999725341797,82.63999938964844,181
CL=F,2026-08-28 08:50:00,,82.62999725341797,82.68000030517578,82.62999725341797,82.66000366210938,99
CL=F,2026-08-28 08:51:00,,82.66000366210938,82.68000030517578,82.61000061035156,82.62999725341797,120
CL=F,2026-08-28 08:52:00,,82.62999725341797,82.62999725341797,82.4800033569336,82.5,353
CL=F,2026-08-28 08:53:00,,82.5,82.51000213623047,82.45999908447266,82.5,157
CL=F,2026-08-28 08:54:00,,82.5,82.54000091552734,82.45999908447266,82.5199966430664,96
CL=F,2026-08-28 08:55:00,,82.51000213623047,82.54000091552734,82.5,82.5,101
CL=F,2026-08-28 08:56:00,,82.5,82.5199966430664,82.43000030517578,82.43000030517578,140
CL=F,2026-08-28 08:57:00,,82.43000030517578,82.54000091552734,82.43000030517578,82.52999877929688,105
CL=F,2026-08-28 08:58:00,,82.52999877929688,82.52999877929688,82.44000244140625,82.47000122070312,103
CL=F,2026-08-28 08:59:00,,82.4800033569336,82.51000213623047,82.38999938964844,82.51000213623047,228
CL=F,2026-08-28 09:00:00,,82.5199966430664,82.55999755859375,82.33000183105469,82.37999725341797,812
CL=F,2026-08-28 09:01:00,,82.4000015258789,82.45999908447266,82.36000061035156,82.38999938964844,250
CL=F,2026-08-28 09:02:00,,82.4000015258789,82.43000030517578,82.37000274658203,82.4000015258789,133
CL=F,2026-08-28 09:03:00,,82.4000015258789,82.47000122070312,82.37999725341797,82.45999908447266,374
CL=F,2026-08-28 09:04:00,,82.45999908447266,82.5,82.44000244140625,82.4800033569336,114
CL=F,2026-08-28 09:05:00,,82.45999908447266,82.45999908447266,82.3499984741211,82.38999938964844,238
CL=F,2026-08-28 09:06:00,,82.37999725341797,82.4000015258789,82.31999969482422,82.37999725341797,304
CL=F,2026-08-28 09:07:00,,82.37999725341797,82.44999694824219,82.36000061035156,82.44000244140625,225
CL=F,2026-08-28 09:08:00,,82.44000244140625,82.44999694824219,82.36000061035156,82.37999725341797,215
CL=F,2026-08-28 09:09:00,,82.4000015258789,82.52999877929688,82.38999938964844,82.51000213623047,343
CL=F,2026-08-28 09:10:00,,82.5,82.66000366210938,82.4800033569336,82.6500015258789,362
CL=F,2026-08-28 09:11:00,,82.63999938964844,82.80000305175781,82.63999938964844,82.7699966430664,622
CL=F,2026-08-28 09:12:00,,82.77999877929688,82.8499984741211,82.73999786376953,82.77999877929688,355
CL=F,2026-08-28 09:13:00,,82.7699966430664,82.80000305175781,82.72000122070312,82.77999877929688,750
CL=F,2026-08-28 09:14:00,,82.77999877929688,82.91000366210938,82.75,82.86000061035156,340
CL=F,2026-08-28 09:15:00,,82.87000274658203,82.94999694824219,82.86000061035156,82.86000061035156,442
CL=F,2026-08-28 09:16:00,,82.87000274658203,82.93000030517578,82.83999633789062,82.86000061035156,131
CL=F,2026-08-28 09:17:00,,82.8499984741211,82.88999938964844,82.80000305175781,82.8499984741211,215
CL=F,2026-08-28 09:18:00,,82.8499984741211,82.87000274658203,82.79000091552734,82.79000091552734,118
CL=F,2026-08-28 09:19:00,,82.80999755859375,82.9000015258789,82.80000305175781,82.8499984741211,148
CL=F,2026-08-28 09:20:00,,82.8499984741211,82.87000274658203,82.80000305175781,82.83000183105469,119
CL=F,2026-08-28 09:21:00,,82.83999633789062,82.87000274658203,82.81999969482422,82.8499984741211,99
CL=F,2026-08-28 09:22:00,,82.83000183105469,82.93000030517578,82.83000183105469,82.86000061035156,123
CL=F,2026-08-28 09:23:00,,82.8499984741211,82.8499984741211,82.79000091552734,82.81999969482422,110
CL=F,2026-08-28 09:24:00,,82.80999755859375,82.81999969482422,82.7699966430664,82.81999969482422,94
CL=F,2026-08-28 09:25:00,,82.83999633789062,82.8499984741211,82.79000091552734,82.79000091552734,81
CL=F,2026-08-28 09:26:00,,82.77999877929688,82.88999938964844,82.77999877929688,82.8499984741211,99
CL=F,2026-08-28 09:27:00,,82.87000274658203,82.9000015258789,82.80999755859375,82.80999755859375,135
CL=F,2026-08-28 09:28:00,,82.83000183105469,82.87000274658203,82.80999755859375,82.83000183105469,57
CL=F,2026-08-28 09:29:00,,82.83000183105469,82.86000061035156,82.80000305175781,82.8499984741211,155
CL=F,2026-08-28 09:30:00,,82.83999633789062,83.02999877929688,82.83999633789062,83.0199966430664,400
CL=F,2026-08-28 09:31:00,,83.02999877929688,83.04000091552734,82.93000030517578,82.94999694824219,244
CL=F,2026-08-28 09:32:00,,82.94000244140625,82.94000244140625,82.81999969482422,82.86000061035156,239
CL=F,2026-08-28 09:33:00,,82.83999633789062,82.91999816894531,82.83000183105469,82.9000015258789,206
CL=F,2026-08-28 09:34:00,,82.88999938964844,82.93000030517578,82.8499984741211,82.91000366210938,102
CL=F,2026-08-28 09:35:00,,82.91000366210938,82.94999694824219,82.88999938964844,82.9000015258789,117
CL=F,2026-08-28 09:36:00,,82.9000015258789,82.93000030517578,82.87999725341797,82.87999725341797,117
CL=F,2026-08-28 09:37:00,,82.88999938964844,82.94000244140625,82.87999725341797,82.91999816894531,81
CL=F,2026-08-28 09:38:00,,82.9000015258789,82.97000122070312,82.88999938964844,82.94000244140625,92
CL=F,2026-08-28 09:39:00,,82.93000030517578,82.95999908447266,82.91000366210938,82.94999694824219,116
CL=F,2026-08-28 09:40:00,,82.94000244140625,82.94999694824219,82.91000366210938,82.93000030517578,129
CL=F,2026-08-28 09:41:00,,82.94999694824219,83.13999938964844,82.94999694824219,83.04000091552734,590
CL=F,2026-08-28 09:42:00,,83.05000305175781,83.05000305175781,82.95999908447266,82.95999908447266,181
CL=F,2026-08-28 09:43:00,,82.95999908447266,83.0199966430664,82.93000030517578,82.94999694824219,180
CL=F,2026-08-28 09:44:00,,82.94999694824219,83,82.94000244140625,82.9800033569336,102
CL=F,2026-08-28 09:45:00,,82.95999908447266,82.95999908447266,82.87000274658203,82.91999816894531,229
CL=F,2026-08-28 09:46:00,,82.91999816894531,83.04000091552734,82.91999816894531,83.04000091552734,136
CL=F,2026-08-28 09:47:00,,83.04000091552734,83.05999755859375,82.9800033569336,83.05000305175781,142
CL=F,2026-08-28 09:48:00,,83.05999755859375,83.0999984741211,83.04000091552734,83.08000183105469,182
CL=F,2026-08-28 09:49:00,,83.06999969482422,83.08000183105469,82.98999786376953,82.98999786376953,233
CL=F,2026-08-28 09:50:00,,82.98999786376953,83.05999755859375,82.98999786376953,83.0199966430664,179
CL=F,2026-08-28 09:51:00,,83.01000213623047,83.08000183105469,83,83.02999877929688,192
CL=F,2026-08-28 09:52:00,,83.04000091552734,83.04000091552734,82.9800033569336,82.98999786376953,78
CL=F,2026-08-28 09:53:00,,83,83.01000213623047,82.95999908447266,83.01000213623047,144
CL=F,2026-08-28 09:54:00,,82.98999786376953,83,82.9000015258789,82.91000366210938,175
CL=F,2026-08-28 09:55:00,,82.88999938964844,82.93000030517578,82.83999633789062,82.8499984741211,141
CL=F,2026-08-28 09:56:00,,82.8499984741211,82.88999938964844,82.75,82.77999877929688,394
CL=F,2026-08-28 09:57:00,,82.77999877929688,82.79000091552734,82.70999908447266,82.72000122070312,289
CL=F,2026-08-28 09:58:00,,82.69999694824219,82.80000305175781,82.68000030517578,82.79000091552734,236
CL=F,2026-08-28 09:59:00,,82.80000305175781,82.9000015258789,82.7699966430664,82.87000274658203,185
CL=F,2026-08-28 10:00:00,,82.86000061035156,82.94000244140625,82.86000061035156,82.91000366210938,203
CL=F,2026-08-28 10:01:00,,82.93000030517578,82.93000030517578,82.81999969482422,82.87999725341797,177
CL=F,2026-08-28 10:02:00,,82.87999725341797,83.08000183105469,82.87000274658203,83.08000183105469,243
CL=F,2026-08-28 10:03:00,,83.06999969482422,83.12000274658203,83.04000091552734,83.08000183105469,302
CL=F,2026-08-28 10:04:00,,83.08999633789062,83.08999633789062,83.04000091552734,83.06999969482422,275
CL=F,2026-08-28 10:05:00,,83.05999755859375,83.0999984741211,83.02999877929688,83.08999633789062,146
CL=F,2026-08-28 10:06:00,,83.08999633789062,83.16000366210938,83.05000305175781,83.11000061035156,181
CL=F,2026-08-28 10:07:00,,83.12000274658203,83.12000274658203,83.04000091552734,83.05999755859375,164
CL=F,2026-08-28 10:08:00,,83.05999755859375,83.08000183105469,82.9800033569336,83,121
CL=F,2026-08-28 10:09:00,,83,83.0199966430664,82.94999694824219,82.94999694824219,155
CL=F,2026-08-28 10:10:00,,82.94000244140625,82.95999908447266,82.87999725341797,82.95999908447266,95
CL=F,2026-08-28 10:11:00,,82.95999908447266,83.06999969482422,82.94999694824219,83.05000305175781,268
CL=F,2026-08-28 10:12:00,,83.05999755859375,83.11000061035156,83.05000305175781,83.11000061035156,135
CL=F,2026-08-28 10:13:00,,83.12999725341797,83.19000244140625,83.12000274658203,83.16999816894531,284
CL=F,2026-08-28 10:14:00,,83.16000366210938,83.20999908447266,83.0999984741211,83.1500015258789,398
CL=F,2026-08-28 10:15:00,,83.16000366210938,83.16000366210938,83.06999969482422,83.1500015258789,220
CL=F,2026-08-28 10:16:00,,83.1500015258789,83.19000244140625,83.12000274658203,83.16999816894531,74
CL=F,2026-08-28 10:17:00,,83.18000030517578,83.19000244140625,83.12999725341797,83.12999725341797,171
CL=F,2026-08-28 10:18:00,,83.13999938964844,83.18000030517578,83.12999725341797,83.16000366210938,69
CL=F,2026-08-28 10:19:00,,83.18000030517578,83.22000122070312,83.13999938964844,83.20999908447266,339
CL=F,2026-08-28 10:20:00,,83.20999908447266,83.2300033569336,83.19000244140625,83.2300033569336,326
CL=F,2026-08-28 10:21:00,,83.2300033569336,83.2300033569336,83.13999938964844,83.1500015258789,319
CL=F,2026-08-28 10:22:00,,83.1500015258789,83.16999816894531,83.12999725341797,83.1500015258789,316
CL=F,2026-08-28 10:23:00,,83.13999938964844,83.16000366210938,83.12000274658203,83.13999938964844,163
CL=F,2026-08-28 10:24:00,,83.12999725341797,83.18000030517578,83.11000061035156,83.16999816894531,188
CL=F,2026-08-28 10:25:00,,83.18000030517578,83.19000244140625,83.12999725341797,83.1500015258789,68
CL=F,2026-08-28 10:26:00,,83.1500015258789,83.19000244140625,83.12999725341797,83.16999816894531,156
CL=F,2026-08-28 10:27:00,,83.16999816894531,83.2300033569336,83.1500015258789,83.16999816894531,272
CL=F,2026-08-28 10:28:00,,83.16000366210938,83.16999816894531,83.05999755859375,83.12999725341797,239
CL=F,2026-08-28 10:29:00,,83.13999938964844,83.27999877929688,83.08000183105469,83.11000061035156,961
CL=F,2026-08-28 10:30:00,,83.0999984741211,83.26000213623047,83.06999969482422,83.20999908447266,570
CL=F,2026-08-28 10:31:00,,83.20999908447266,83.22000122070312,83.1500015258789,83.19000244140625,207
CL=F,2026-08-28 10:32:00,,83.19999694824219,83.22000122070312,83.1500015258789,83.20999908447266,212
CL=F,2026-08-28 10:33:00,,83.19999694824219,83.2300033569336,83.16999816894531,83.19999694824219,84
CL=F,2026-08-28 10:34:00,,83.19000244140625,83.26000213623047,83.12000274658203,83.12999725341797,340
CL=F,2026-08-28 10:35:00,,83.12000274658203,83.2300033569336,83.08000183105469,83.20999908447266,471
CL=F,2026-08-28 10:36:00,,83.20999908447266,83.2300033569336,83.11000061035156,83.1500015258789,178
CL=F,2026-08-28 10:37:00,,83.12999725341797,83.18000030517578,83.11000061035156,83.18000030517578,158
CL=F,2026-08-28 10:38:00,,83.16999816894531,83.22000122070312,83.16000366210938,83.20999908447266,107
CL=F,2026-08-28 10:39:00,,83.22000122070312,83.27999877929688,83.19000244140625,83.2699966430664,176
CL=F,2026-08-28 10:40:00,,83.2699966430664,83.2699966430664,83.16000366210938,83.19999694824219,269
CL=F,2026-08-28 10:41:00,,83.19999694824219,83.2699966430664,83.18000030517578,83.26000213623047,94
CL=F,2026-08-28 10:42:00,,83.25,83.29000091552734,83.19000244140625,83.22000122070312,408
CL=F,2026-08-28 10:43:00,,83.22000122070312,83.25,83.22000122070312,83.22000122070312,75
CL=F,2026-08-28 10:44:00,,83.2300033569336,83.25,83.18000030517578,83.20999908447266,195
CL=F,2026-08-28 10:45:00,,83.20999908447266,83.2300033569336,83.08000183105469,83.0999984741211,231
CL=F,2026-08-28 10:46:00,,83.0999984741211,83.1500015258789,83.0999984741211,83.11000061035156,138
CL=F,2026-08-28 10:47:00,,83.11000061035156,83.11000061035156,83.0199966430664,83.06999969482422,463
CL=F,2026-08-28 10:48:00,,83.08000183105469,83.11000061035156,83.06999969482422,83.06999969482422,200
CL=F,2026-08-28 10:49:00,,83.08000183105469,83.12999725341797,83.06999969482422,83.11000061035156,61
CL=F,2026-08-28 10:50:00,,83.12000274658203,83.22000122070312,83.12000274658203,83.13999938964844,242
CL=F,2026-08-28 10:51:00,,83.12999725341797,83.1500015258789,83.11000061035156,83.12000274658203,119
CL=F,2026-08-28 10:52:00,,83.11000061035156,83.12999725341797,83,83.04000091552734,310
CL=F,2026-08-28 10:53:00,,83.0199966430664,83.1500015258789,83.0199966430664,83.12999725341797,132
CL=F,2026-08-28 10:54:00,,83.13999938964844,83.16999816894531,83.11000061035156,83.16999816894531,98
CL=F,2026-08-28 10:55:00,,83.1500015258789,83.16999816894531,83.12999725341797,83.13999938964844,79
CL=F,2026-08-28 10:56:00,,83.12999725341797,83.12999725341797,83.04000091552734,83.05999755859375,119
CL=F,2026-08-28 10:57:00,,83.05999755859375,83.05999755859375,83,83.05000305175781,149
CL=F,2026-08-28 10:58:00,,83.04000091552734,83.04000091552734,83,83.02999877929688,85
CL=F,2026-08-28 10:59:00,,83.04000091552734,83.05999755859375,83,83.04000091552734,213
CL=F,2026-08-28 11:00:00,,83.04000091552734,83.08000183105469,83.0199966430664,83.02999877929688,140
CL=F,2026-08-28 11:01:00,,83.04000091552734,83.04000091552734,82.9000015258789,82.91000366210938,604
CL=F,2026-08-28 11:02:00,,82.91999816894531,82.95999908447266,82.9000015258789,82.91999816894531,204
CL=F,2026-08-28 11:03:00,,82.93000030517578,83.0199966430664,82.93000030517578,83,242
CL=F,2026-08-28 11:04:00,,83,83.05000305175781,82.95999908447266,83.02999877929688,298
CL=F,2026-08-28 11:05:00,,83.04000091552734,83.04000091552734,82.97000122070312,83.02999877929688,87
CL=F,2026-08-28 11:06:00,,83.0199966430664,83.05000305175781,82.97000122070312,83.01000213623047,165
CL=F,2026-08-28 11:07:00,,83,83.08999633789062,83,83.06999969482422,163
CL=F,2026-08-28 11:08:00,,83.06999969482422,83.11000061035156,83.02999877929688,83.11000061035156,252
CL=F,2026-08-28 11:09:00,,83.11000061035156,83.16999816894531,83.11000061035156,83.16999816894531,209
CL=F,2026-08-28 11:10:00,,83.16999816894531,83.22000122070312,83.16000366210938,83.19999694824219,188
CL=F,2026-08-28 11:11:00,,83.18000030517578,83.19999694824219,83.16000366210938,83.16000366210938,76
CL=F,2026-08-28 11:12:00,,83.16000366210938,83.19000244140625,83.1500015258789,83.1500015258789,78
CL=F,2026-08-28 11:13:00,,83.1500015258789,83.1500015258789,83.12000274658203,83.13999938964844,178
CL=F,2026-08-28 11:14:00,,83.12999725341797,83.16999816894531,83.12999725341797,83.13999938964844,95
CL=F,2026-08-28 11:15:00,,83.1500015258789,83.20999908447266,83.12999725341797,83.20999908447266,122
CL=F,2026-08-28 11:16:00,,83.20999908447266,83.26000213623047,83.19000244140625,83.2300033569336,196
CL=F,2026-08-28 11:17:00,,83.2300033569336,83.2699966430664,83.16000366210938,83.18000030517578,292
CL=F,2026-08-28 11:18:00,,83.18000030517578,83.20999908447266,83.16999816894531,83.19000244140625,101
CL=F,2026-08-28 11:19:00,,83.19999694824219,83.23999786376953,83.19999694824219,83.2300033569336,117
CL=F,2026-08-28 11:20:00,,83.23999786376953,83.23999786376953,83.13999938964844,83.16000366210938,97
CL=F,2026-08-28 11:21:00,,83.16999816894531,83.2300033569336,83.16999816894531,83.19999694824219,155
CL=F,2026-08-28 11:22:00,,83.19999694824219,83.20999908447266,83.16000366210938,83.19000244140625,104
CL=F,2026-08-28 11:23:00,,83.19999694824219,83.2699966430664,83.19000244140625,83.2699966430664,270
CL=F,2026-08-28 11:24:00,,83.27999877929688,83.27999877929688,83.22000122070312,83.22000122070312,133
CL=F,2026-08-28 11:25:00,,83.22000122070312,83.22000122070312,83.12999725341797,83.16999816894531,260
CL=F,2026-08-28 11:26:00,,83.16999816894531,83.25,83.16999816894531,83.23999786376953,144
CL=F,2026-08-28 11:27:00,,83.23999786376953,83.25,83.16999816894531,83.16999816894531,146
CL=F,2026-08-28 11:28:00,,83.18000030517578,83.18000030517578,83.0999984741211,83.11000061035156,155
CL=F,2026-08-28 11:29:00,,83.11000061035156,83.12999725341797,83.08999633789062,83.11000061035156,164
CL=F,2026-08-28 11:30:00,,83.0999984741211,83.12999725341797,83.02999877929688,83.06999969482422,414
CL=F,2026-08-28 11:31:00,,83.08000183105469,83.16999816894531,83.08000183105469,83.11000061035156,288
CL=F,2026-08-28 11:32:00,,83.12000274658203,83.12999725341797,83.06999969482422,83.0999984741211,331
CL=F,2026-08-28 11:33:00,,83.08999633789062,83.1500015258789,83.08000183105469,83.13999938964844,158
CL=F,2026-08-28 11:34:00,,83.1500015258789,83.26000213623047,83.12999725341797,83.25,234
CL=F,2026-08-28 11:35:00,,83.25,83.2699966430664,83.22000122070312,83.25,185
CL=F,2026-08-28 11:36:00,,83.23999786376953,83.26000213623047,83.2300033569336,83.2300033569336,104
CL=F,2026-08-28 11:37:00,,83.23999786376953,83.2699966430664,83.22000122070312,83.26000213623047,250
CL=F,2026-08-28 11:38:00,,83.2699966430664,83.37999725341797,83.26000213623047,83.33000183105469,400
CL=F,2026-08-28 11:39:00,,83.33999633789062,83.33999633789062,83.27999877929688,83.29000091552734,380
CL=F,2026-08-28 11:40:00,,83.30000305175781,83.4000015258789,83.30000305175781,83.37999725341797,348
CL=F,2026-08-28 11:41:00,,83.38999938964844,83.4800033569336,83.38999938964844,83.45999908447266,430
CL=F,2026-08-28 11:42:00,,83.45999908447266,83.47000122070312,83.43000030517578,83.44999694824219,305
CL=F,2026-08-28 11:43:00,,83.45999908447266,83.4800033569336,83.43000030517578,83.44999694824219,102
CL=F,2026-08-28 11:44:00,,83.44999694824219,83.47000122070312,83.41000366210938,83.44999694824219,123
CL=F,2026-08-28 11:45:00,,83.44999694824219,83.47000122070312,83.41000366210938,83.47000122070312,76
CL=F,2026-08-28 11:46:00,,83.47000122070312,83.5199966430664,83.47000122070312,83.5,153
CL=F,2026-08-28 11:47:00,,83.5,83.51000213623047,83.41000366210938,83.43000030517578,180
CL=F,2026-08-28 11:48:00,,83.41999816894531,83.41999816894531,83.37999725341797,83.41000366210938,86
CL=F,2026-08-28 11:49:00,,83.41999816894531,83.43000030517578,83.4000015258789,83.41999816894531,127
CL=F,2026-08-28 11:50:00,,83.43000030517578,83.52999877929688,83.41999816894531,83.5199966430664,181
CL=F,2026-08-28 11:51:00,,83.52999877929688,83.55000305175781,83.5,83.5199966430664,306
CL=F,2026-08-28 11:52:00,,83.51000213623047,83.52999877929688,83.5,83.52999877929688,79
CL=F,2026-08-28 11:53:00,,83.5199966430664,83.5199966430664,83.43000030517578,83.43000030517578,192
CL=F,2026-08-28 11:54:00,,83.44000244140625,83.45999908447266,83.4000015258789,83.41000366210938,162
CL=F,2026-08-28 11:55:00,,83.41000366210938,83.43000030517578,83.38999938964844,83.38999938964844,90
CL=F,2026-08-28 11:56:00,,83.38999938964844,83.51000213623047,83.38999938964844,83.5,268
CL=F,2026-08-28 11:57:00,,83.5,83.5,83.43000030517578,83.47000122070312,204
CL=F,2026-08-28 11:58:00,,83.47000122070312,83.51000213623047,83.47000122070312,83.5,85
CL=F,2026-08-28 11:59:00,,83.51000213623047,83.54000091552734,83.5,83.5199966430664,112
CL=F,2026-08-28 12:00:00,,83.51000213623047,83.56999969482422,83.5,83.55000305175781,336
CL=F,2026-08-28 12:01:00,,83.54000091552734,83.55000305175781,83.51000213623047,83.52999877929688,123
CL=F,2026-08-28 12:02:00,,83.52999877929688,83.54000091552734,83.4800033569336,83.52999877929688,281
CL=F,2026-08-28 12:03:00,,83.54000091552734,83.56999969482422,83.5199966430664,83.52999877929688,191
CL=F,2026-08-28 12:04:00,,83.54000091552734,83.55999755859375,83.4800033569336,83.5,173
CL=F,2026-08-28 12:05:00,,83.48999786376953,83.56999969482422,83.47000122070312,83.54000091552734,313
CL=F,2026-08-28 12:06:00,,83.55000305175781,83.58000183105469,83.55000305175781,83.55999755859375,194
CL=F,2026-08-28 12:07:00,,83.55999755859375,83.70999908447266,83.55999755859375,83.66999816894531,410
CL=F,2026-08-28 12:08:00,,83.66000366210938,83.66999816894531,83.55000305175781,83.58000183105469,185
CL=F,2026-08-28 12:09:00,,83.56999969482422,83.58999633789062,83.51000213623047,83.51000213623047,120
CL=F,2026-08-28 12:10:00,,83.5199966430664,83.5199966430664,83.44999694824219,83.4800033569336,137
CL=F,2026-08-28 12:11:00,,83.5,83.51000213623047,83.45999908447266,83.45999908447266,77
CL=F,2026-08-28 12:12:00,,83.47000122070312,83.48999786376953,83.44000244140625,83.44999694824219,110
CL=F,2026-08-28 12:13:00,,83.44999694824219,83.45999908447266,83.41999816894531,83.44999694824219,157
CL=F,2026-08-28 12:14:00,,83.44999694824219,83.45999908447266,83.38999938964844,83.41999816894531,204
CL=F,2026-08-28 12:15:00,,83.41999816894531,83.43000030517578,83.38999938964844,83.41000366210938,291
CL=F,2026-08-28 12:16:00,,83.41000366210938,83.43000030517578,83.3499984741211,83.3499984741211,181
CL=F,2026-08-28 12:17:00,,83.3499984741211,83.3499984741211,83.30999755859375,83.33000183105469,130
CL=F,2026-08-28 12:18:00,,83.33999633789062,83.38999938964844,83.33000183105469,83.36000061035156,147
CL=F,2026-08-28 12:19:00,,83.3499984741211,83.4000015258789,83.3499984741211,83.3499984741211,228
CL=F,2026-08-28 12:20:00,,83.36000061035156,83.37000274658203,83.30000305175781,83.31999969482422,132
CL=F,2026-08-28 12:21:00,,83.33000183105469,83.4000015258789,83.33000183105469,83.38999938964844,86
CL=F,2026-08-28 12:22:00,,83.38999938964844,83.41999816894531,83.37999725341797,83.4000015258789,142
CL=F,2026-08-28 12:23:00,,83.4000015258789,83.4000015258789,83.37000274658203,83.38999938964844,31
CL=F,2026-08-28 12:24:00,,83.38999938964844,83.4000015258789,83.3499984741211,83.36000061035156,86
CL=F,2026-08-28 12:25:00,,83.37000274658203,83.4000015258789,83.3499984741211,83.38999938964844,82
CL=F,2026-08-28 12:26:00,,83.38999938964844,83.41999816894531,83.37999725341797,83.38999938964844,52
CL=F,2026-08-28 12:27:00,,83.37999725341797,83.38999938964844,83.33999633789062,83.33999633789062,188
CL=F,2026-08-28 12:28:00,,83.36000061035156,83.38999938964844,83.33999633789062,83.36000061035156,186
CL=F,2026-08-28 12:29:00,,83.37000274658203,83.37999725341797,83.36000061035156,83.36000061035156,125
CL=F,2026-08-28 12:30:00,,83.37000274658203,83.37999725341797,83.29000091552734,83.33000183105469,188
CL=F,2026-08-28 12:31:00,,83.33000183105469,83.33000183105469,83.2699966430664,83.30999755859375,166
CL=F,2026-08-28 12:32:00,,83.30000305175781,83.3499984741211,83.29000091552734,83.33999633789062,113
CL=F,2026-08-28 12:33:00,,83.33999633789062,83.41000366210938,83.33999633789062,83.37000274658203,145
CL=F,2026-08-28 12:34:00,,83.37000274658203,83.38999938964844,83.36000061035156,83.37000274658203,216
CL=F,2026-08-28 12:35:00,,83.37000274658203,83.4000015258789,83.3499984741211,83.37000274658203,99
CL=F,2026-08-28 12:36:00,,83.37000274658203,83.37999725341797,83.33999633789062,83.36000061035156,132
CL=F,2026-08-28 12:37:00,,83.36000061035156,83.37000274658203,83.33000183105469,83.33999633789062,206
CL=F,2026-08-28 12:38:00,,83.3499984741211,83.43000030517578,83.3499984741211,83.4000015258789,153
CL=F,2026-08-28 12:39:00,,83.4000015258789,83.41000366210938,83.37000274658203,83.37000274658203,142
CL=F,2026-08-28 12:40:00,,83.36000061035156,83.36000061035156,83.33999633789062,83.3499984741211,66
CL=F,2026-08-28 12:41:00,,83.33999633789062,83.38999938964844,83.33999633789062,83.37999725341797,48
CL=F,2026-08-28 12:42:00,,83.38999938964844,83.47000122070312,83.37000274658203,83.45999908447266,185
CL=F,2026-08-28 12:43:00,,83.44999694824219,83.44999694824219,83.4000015258789,83.4000015258789,147
CL=F,2026-08-28 12:44:00,,83.41000366210938,83.44000244140625,83.38999938964844,83.43000030517578,121
CL=F,2026-08-28 12:45:00,,83.43000030517578,83.47000122070312,83.41999816894531,83.47000122070312,222
CL=F,2026-08-28 12:46:00,,83.47000122070312,83.48999786376953,83.44999694824219,83.45999908447266,117
CL=F,2026-08-28 12:47:00,,83.44999694824219,83.44999694824219,83.41999816894531,83.43000030517578,108
CL=F,2026-08-28 12:48:00,,83.44000244140625,83.44000244140625,83.37999725341797,83.43000030517578,137
CL=F,2026-08-28 12:49:00,,83.43000030517578,83.44999694824219,83.41999816894531,83.44000244140625,138
CL=F,2026-08-28 12:50:00,,83.43000030517578,83.5199966430664,83.43000030517578,83.5,251
CL=F,2026-08-28 12:51:00,,83.5199966430664,83.52999877929688,83.48999786376953,83.51000213623047,164
CL=F,2026-08-28 12:52:00,,83.5,83.56999969482422,83.5,83.55999755859375,276
CL=F,2026-08-28 12:53:00,,83.55000305175781,83.55000305175781,83.51000213623047,83.52999877929688,138
CL=F,2026-08-28 12:54:00,,83.52999877929688,83.54000091552734,83.44999694824219,83.5,365
CL=F,2026-08-28 12:55:00,,83.5,83.5,83.44999694824219,83.4800033569336,125
CL=F,2026-08-28 12:56:00,,83.4800033569336,83.51000213623047,83.4800033569336,83.51000213623047,146
CL=F,2026-08-28 12:57:00,,83.5,83.51000213623047,83.45999908447266,83.47000122070312,185
CL=F,2026-08-28 12:58:00,,83.47000122070312,83.4800033569336,83.43000030517578,83.4800033569336,242
CL=F,2026-08-28 12:59:00,,83.4800033569336,83.4800033569336,83.44999694824219,83.45999908447266,127
CL=F,2026-08-28 13:00:00,,83.45999908447266,83.47000122070312,83.36000061035156,83.37000274658203,352
CL=F,2026-08-28 13:01:00,,83.37999725341797,83.41000366210938,83.33000183105469,83.36000061035156,164
CL=F,2026-08-28 13:02:00,,83.37000274658203,83.37999725341797,83.2300033569336,83.25,469
CL=F,2026-08-28 13:03:00,,83.25,83.31999969482422,83.19000244140625,83.25,371
CL=F,2026-08-28 13:04:00,,83.26000213623047,83.33000183105469,83.25,83.30000305175781,230
CL=F,2026-08-28 13:05:00,,83.30000305175781,83.33999633789062,83.27999877929688,83.30999755859375,122
CL=F,2026-08-28 13:06:00,,83.31999969482422,83.33999633789062,83.2699966430664,83.30999755859375,187
CL=F,2026-08-28 13:07:00,,83.30999755859375,83.33000183105469,83.27999877929688,83.30999755859375,130
CL=F,2026-08-28 13:08:00,,83.30999755859375,83.33000183105469,83.30000305175781,83.30000305175781,66
CL=F,2026-08-28 13:09:00,,83.29000091552734,83.30999755859375,83.29000091552734,83.29000091552734,121
CL=F,2026-08-28 13:10:00,,83.27999877929688,83.3499984741211,83.2699966430664,83.33999633789062,144
CL=F,2026-08-28 13:11:00,,83.33000183105469,83.33999633789062,83.30000305175781,83.33999633789062,116
CL=F,2026-08-28 13:12:00,,83.33999633789062,83.3499984741211,83.30999755859375,83.3499984741211,75
CL=F,2026-08-28 13:13:00,,83.3499984741211,83.3499984741211,83.31999969482422,83.33000183105469,67
CL=F,2026-08-28 13:14:00,,83.33000183105469,83.3499984741211,83.30000305175781,83.31999969482422,97
CL=F,2026-08-28 13:15:00,,83.31999969482422,83.33999633789062,83.27999877929688,83.30999755859375,133
CL=F,2026-08-28 13:16:00,,83.30000305175781,83.33999633789062,83.23999786376953,83.29000091552734,381
CL=F,2026-08-28 13:17:00,,83.29000091552734,83.4000015258789,83.25,83.36000061035156,950
CL=F,2026-08-28 13:18:00,,83.36000061035156,83.4000015258789,83.3499984741211,83.37999725341797,241
CL=F,2026-08-28 13:19:00,,83.37000274658203,83.43000030517578,83.37000274658203,83.38999938964844,189
CL=F,2026-08-28 13:20:00,,83.4000015258789,83.44000244140625,83.37000274658203,83.41999816894531,276
CL=F,2026-08-28 13:21:00,,83.41999816894531,83.45999908447266,83.37999725341797,83.41000366210938,378
CL=F,2026-08-28 13:22:00,,83.41000366210938,83.47000122070312,83.41000366210938,83.44999694824219,254
CL=F,2026-08-28 13:23:00,,83.44999694824219,83.47000122070312,83.43000030517578,83.47000122070312,175
CL=F,2026-08-28 13:24:00,,83.47000122070312,83.4800033569336,83.41000366210938,83.44000244140625,249
CL=F,2026-08-28 13:25:00,,83.44999694824219,83.55999755859375,83.43000030517578,83.51000213623047,1386
CL=F,2026-08-28 13:26:00,,83.51000213623047,83.5199966430664,83.37000274658203,83.37000274658203,526
CL=F,2026-08-28 13:27:00,,83.37000274658203,83.4800033569336,83.37000274658203,83.45999908447266,445
CL=F,2026-08-28 13:28:00,,83.45999908447266,83.54000091552734,83.33999633789062,83.41000366210938,3099
CL=F,2026-08-28 13:29:00,,83.41999816894531,83.44000244140625,83.33999633789062,83.37999725341797,2266
CL=F,2026-08-28 13:30:00,,83.37000274658203,83.38999938964844,83.31999969482422,83.3499984741211,692
CL=F,2026-08-28 13:31:00,,83.3499984741211,83.36000061035156,83.2699966430664,83.27999877929688,486
CL=F,2026-08-28 13:32:00,,83.29000091552734,83.33000183105469,83.2699966430664,83.2699966430664,216
CL=F,2026-08-28 13:33:00,,83.27999877929688,83.27999877929688,83.16999816894531,83.22000122070312,411
CL=F,2026-08-28 13:34:00,,83.22000122070312,83.22000122070312,83.19000244140625,83.20999908447266,95
CL=F,2026-08-28 13:35:00,,83.19999694824219,83.2300033569336,83.18000030517578,83.2300033569336,227
CL=F,2026-08-28 13:36:00,,83.2300033569336,83.2300033569336,83.18000030517578,83.19000244140625,204
CL=F,2026-08-28 13:37:00,,83.18000030517578,83.18000030517578,83.12000274658203,83.1500015258789,165
CL=F,2026-08-28 13:38:00,,83.16999816894531,83.19999694824219,83.16999816894531,83.18000030517578,34
CL=F,2026-08-28 13:39:00,,83.19000244140625,83.2300033569336,83.18000030517578,83.2300033569336,69
CL=F,2026-08-28 13:40:00,,83.2300033569336,83.25,83.22000122070312,83.23999786376953,172
CL=F,2026-08-28 13:41:00,,83.23999786376953,83.2699966430664,83.23999786376953,83.26000213623047,53
CL=F,2026-08-28 13:42:00,,83.26000213623047,83.2699966430664,83.26000213623047,83.26000213623047,23
CL=F,2026-08-28 13:43:00,,83.26000213623047,83.26000213623047,83.19999694824219,83.20999908447266,90
CL=F,2026-08-28 13:44:00,,83.19999694824219,83.2300033569336,83.19999694824219,83.2300033569336,37
CL=F,2026-08-28 13:45:00,,83.22000122070312,83.2300033569336,83.19000244140625,83.19000244140625,41
CL=F,2026-08-28 13:46:00,,83.19999694824219,83.20999908447266,83.18000030517578,83.18000030517578,20
CL=F,2026-08-28 13:47:00,,83.18000030517578,83.18000030517578,83.16999816894531,83.16999816894531,18
CL=F,2026-08-28 13:48:00,,83.19000244140625,83.20999908447266,83.16000366210938,83.16000366210938,51
CL=F,2026-08-28 13:49:00,,83.18000030517578,83.18000030517578,83.13999938964844,83.1500015258789,103
CL=F,2026-08-28 13:50:00,,83.1500015258789,83.1500015258789,83.13999938964844,83.13999938964844,24
CL=F,2026-08-28 13:51:00,,83.12999725341797,83.16999816894531,83.12999725341797,83.1500015258789,27
CL=F,2026-08-28 13:52:00,,83.13999938964844,83.16000366210938,83.13999938964844,83.16000366210938,80
CL=F,2026-08-28 13:53:00,,83.16999816894531,83.18000030517578,83.16000366210938,83.16000366210938,26
CL=F,2026-08-28 13:54:00,,83.1500015258789,83.16999816894531,83.13999938964844,83.13999938964844,46
CL=F,2026-08-28 13:55:00,,83.1500015258789,83.1500015258789,83.08999633789062,83.0999984741211,137
CL=F,2026-08-28 13:56:00,,83.0999984741211,83.11000061035156,83.08999633789062,83.11000061035156,74
CL=F,2026-08-28 13:57:00,,83.11000061035156,83.12000274658203,83.0999984741211,83.0999984741211,37
CL=F,2026-08-28 13:58:00,,83.11000061035156,83.12999725341797,83.11000061035156,83.12000274658203,22
CL=F,2026-08-28 13:59:00,,83.12999725341797,83.18000030517578,83.12999725341797,83.18000030517578,207
CL=F,2026-08-28 14:00:00,,83.18000030517578,83.20999908447266,83.16999816894531,83.19999694824219,122
CL=F,2026-08-28 14:01:00,,83.19999694824219,83.23999786376953,83.19000244140625,83.23999786376953,268
CL=F,2026-08-28 14:02:00,,83.25,83.29000091552734,83.2300033569336,83.23999786376953,80
CL=F,2026-08-28 14:03:00,,83.23999786376953,83.30999755859375,83.2300033569336,83.29000091552734,283
CL=F,2026-08-28 14:04:00,,83.27999877929688,83.30000305175781,83.19999694824219,83.22000122070312,281
CL=F,2026-08-28 14:05:00,,83.2300033569336,83.27999877929688,83.2300033569336,83.27999877929688,63
CL=F,2026-08-28 14:06:00,,83.27999877929688,83.30999755859375,83.26000213623047,83.27999877929688,112
CL=F,2026-08-28 14:07:00,,83.27999877929688,83.33000183105469,83.25,83.29000091552734,105
CL=F,2026-08-28 14:08:00,,83.29000091552734,83.30999755859375,83.2699966430664,83.29000091552734,140
CL=F,2026-08-28 14:09:00,,83.27999877929688,83.30000305175781,83.26000213623047,83.2699966430664,190
CL=F,2026-08-28 14:10:00,,83.27999877929688,83.33000183105469,83.27999877929688,83.33000183105469,95
CL=F,2026-08-28 14:11:00,,83.33000183105469,83.33999633789062,83.30999755859375,83.31999969482422,81
CL=F,2026-08-28 14:12:00,,83.30999755859375,83.31999969482422,83.30999755859375,83.31999969482422,21
CL=F,2026-08-28 14:13:00,,83.31999969482422,83.31999969482422,83.31999969482422,83.31999969482422,11
CL=F,2026-08-28 14:14:00,,83.31999969482422,83.31999969482422,83.2699966430664,83.30999755859375,76
CL=F,2026-08-28 14:15:00,,83.30000305175781,83.30000305175781,83.27999877929688,83.27999877929688,27
CL=F,2026-08-28 14:16:00,,83.27999877929688,83.27999877929688,83.23999786376953,83.25,65
CL=F,2026-08-28 14:17:00,,83.26000213623047,83.26000213623047,83.2300033569336,83.23999786376953,30
CL=F,2026-08-28 14:18:00,,83.2300033569336,83.23999786376953,83.2300033569336,83.2300033569336,9
CL=F,2026-08-28 14:19:00,,83.2300033569336,83.2699966430664,83.2300033569336,83.2699966430664,20
CL=F,2026-08-28 14:20:00,,83.27999877929688,83.30000305175781,83.27999877929688,83.29000091552734,97
CL=F,2026-08-28 14:21:00,,83.29000091552734,83.29000091552734,83.2699966430664,83.2699966430664,30
CL=F,2026-08-28 14:22:00,,83.27999877929688,83.29000091552734,83.2699966430664,83.2699966430664,22
CL=F,2026-08-28 14:23:00,,83.2699966430664,83.27999877929688,83.26000213623047,83.27999877929688,16
CL=F,2026-08-28 14:24:00,,83.27999877929688,83.27999877929688,83.27999877929688,83.27999877929688,1
CL=F,2026-08-28 14:25:00,,83.29000091552734,83.30999755859375,83.2699966430664,83.29000091552734,77
CL=F,2026-08-28 14:26:00,,83.29000091552734,83.30000305175781,83.27999877929688,83.27999877929688,11
CL=F,2026-08-28 14:27:00,,83.29000091552734,83.30000305175781,83.29000091552734,83.30000305175781,26
CL=F,2026-08-28 14:28:00,,83.30000305175781,83.30999755859375,83.27999877929688,83.30000305175781,42
CL=F,2026-08-28 14:29:00,,83.27999877929688,83.30000305175781,83.27999877929688,83.29000091552734,27
CL=F,2026-08-28 14:30:00,,83.30999755859375,83.31999969482422,83.27999877929688,83.29000091552734,64
CL=F,2026-08-28 14:31:00,,83.30000305175781,83.30000305175781,83.27999877929688,83.29000091552734,6
CL=F,2026-08-28 14:32:00,,83.29000091552734,83.37000274658203,83.29000091552734,83.33999633789062,107
CL=F,2026-08-28 14:33:00,,83.33000183105469,83.41000366210938,83.33000183105469,83.37999725341797,205
CL=F,2026-08-28 14:34:00,,83.37000274658203,83.38999938964844,83.37000274658203,83.38999938964844,8
CL=F,2026-08-28 14:35:00,,83.37999725341797,83.41999816894531,83.37000274658203,83.41000366210938,133
CL=F,2026-08-28 14:36:00,,83.41000366210938,83.44000244140625,83.38999938964844,83.43000030517578,200
CL=F,2026-08-28 14:37:00,,83.41999816894531,83.4800033569336,83.41999816894531,83.47000122070312,130
CL=F,2026-08-28 14:38:00,,83.45999908447266,83.4800033569336,83.44999694824219,83.45999908447266,58
CL=F,2026-08-28 14:39:00,,83.45999908447266,83.45999908447266,83.44000244140625,83.44999694824219,44
CL=F,2026-08-28 14:40:00,,83.44999694824219,83.45999908447266,83.41000366210938,83.41999816894531,75
CL=F,2026-08-28 14:41:00,,83.4000015258789,83.4800033569336,83.38999938964844,83.4800033569336,54
CL=F,2026-08-28 14:42:00,,83.48999786376953,83.5199966430664,83.47000122070312,83.47000122070312,143
CL=F,2026-08-28 14:43:00,,83.47000122070312,83.4800033569336,83.44999694824219,83.45999908447266,27
CL=F,2026-08-28 14:44:00,,83.45999908447266,83.4800033569336,83.44999694824219,83.44999694824219,14
CL=F,2026-08-28 14:45:00,,83.45999908447266,83.45999908447266,83.41000366210938,83.43000030517578,42
CL=F,2026-08-28 14:46:00,,83.43000030517578,83.43000030517578,83.38999938964844,83.41999816894531,75
CL=F,2026-08-28 14:47:00,,83.44000244140625,83.44999694824219,83.44000244140625,83.44999694824219,7
CL=F,2026-08-28 14:48:00,,83.43000030517578,83.44999694824219,83.38999938964844,83.38999938964844,27
CL=F,2026-08-28 14:49:00,,83.38999938964844,83.41000366210938,83.38999938964844,83.4000015258789,24
CL=F,2026-08-28 14:50:00,,83.4000015258789,83.4000015258789,83.37000274658203,83.37999725341797,64
CL=F,2026-08-28 14:51:00,,83.38999938964844,83.4000015258789,83.38999938964844,83.4000015258789,54
CL=F,2026-08-28 14:52:00,,83.41000366210938,83.41000366210938,83.37000274658203,83.37999725341797,26
CL=F,2026-08-28 14:53:00,,83.37999725341797,83.38999938964844,83.37000274658203,83.37999725341797,54
CL=F,2026-08-28 14:54:00,,83.37999725341797,83.37999725341797,83.3499984741211,83.37000274658203,44
CL=F,2026-08-28 14:55:00,,83.36000061035156,83.4000015258789,83.3499984741211,83.4000015258789,95
CL=F,2026-08-28 14:56:00,,83.38999938964844,83.4000015258789,83.36000061035156,83.36000061035156,71
CL=F,2026-08-28 14:57:00,,83.3499984741211,83.38999938964844,83.3499984741211,83.37999725341797,26
CL=F,2026-08-28 14:58:00,,83.37999725341797,83.38999938964844,83.3499984741211,83.37999725341797,104
CL=F,2026-08-28 14:59:00,,83.38999938964844,83.4000015258789,83.37000274658203,83.38999938964844,83
